path	lines_wc_l	bytes	sha256
.bashrc	15	385	2d07c81dc30ff33412848d3484838c094bdf4f040ac48d2590d15b3aaa14cbd1
.github/workflows/ci.yml	55	1774	4c849f9b4890ae0b498150b18106318caae2b4ca7029154297860cc6b44fae8b
.gitignore	35	658	4f1522366e3a725f2c4ad7b4f8f93840433c560ad555e07de18dc75a006daeab
Dockerfile	141	4296	4950df79dda6ab5c7325f98e13bc347c87c28ff11a2cee8bae03432bf2bcea7e
docker-compose.salus.yml	39	1192	efd140122a9f2cdab8af38ed8dc0e7a53c83840bba9d4846228bffc427b87a7f
docker-compose.yml	64	1753	0f66b57c542b868b2e00780dbf67f1f227e55841fe903fb5be6dd7d347b734a5
docs/upstream-sources.yaml	32	1078	d9ac7eb03793819f1c11a3d212d23d93383cbb7271d26a1646d83eb2602e7c65
entrypoint.sh	12	206	55bedf380dcac65511bacf1045ab71d5afb7b4dfef818b28ff269462280e88f2
mapviz_gps.mvc	49	1081	c8072bf0b42870e2e9f6aedce84426e1b4262c7ef0fc56de2e803a3ffa940243
src/controller_server/.gitignore	1	15	8df1fab4d5eb7cd86b2a28886842df2f9da7ff9e45050d5d1ff5fd5f3e524e06
src/controller_server/controller_server/__init__.py	0	0	e3b0c44298fc1c149afbf4c8996fb92427ae41e4649b934ca495991b7852b855
src/controller_server/controller_server/battery_estimator.py	302	11361	7eda511e9c42a267669f21dc2c746d8391049292a77e5083773cb3780fbada2a
src/controller_server/controller_server/control_logic.py	237	7932	930e1b01f216f7e8788f71f8dc07cba313e0e00b3c465a60f5ea8e15f7e4dbc9
src/controller_server/controller_server/controller/artifacts/run_uart_e2e.py	242	7320	7df6e2c0519bebac009552244e73aa4282128961b0f2795c3c694d5a0700af2a
src/controller_server/controller_server/controller/artifacts/uart_e2e_results.json	833	115573	ad65d86d370d9b57462ad58e0cadd37414278e52bcfa3735800a4e7652aa7429
src/controller_server/controller_server/controller/pytest.ini	3	46	4db0a2d3a7dbe69fa7e4c0345910ef53fbb021af331068eeac2fb36d9fafccd3
src/controller_server/controller_server/controller/requirements.txt	2	26	1a8308c7c70bdc2a8333740eaf9f2e6f03d09dc6d5274be556c4e360be797d17
src/controller_server/controller_server/controller/tests/test_controller.py	36	1072	7fd62b2634e71f95a1e558e6187b4b06eb18e0af03d4a31dbf8937cee3b01f63
src/controller_server/controller_server/controller/tests/test_protocol.py	227	6922	0f2da4df15d671043be3589d37d57ab122e3e0d71b651295c14d38104a514042
src/controller_server/controller_server/controller_server_node.py	708	33162	c6b417dad75bc328eddf8aa86e0b339632e845497d3d8ea10c2f91be5d772d83
src/controller_server/controller_server/rpy_esp32_comms/__init__.py	14	371	99b839056549e760c4d1ea193fec4eb6bcbbc5cb483b832c6751006aac328898
src/controller_server/controller_server/rpy_esp32_comms/__main__.py	13	246	90a6d560baf89152f907286badfade96563a043511d44fc633925cadc04c56ad
src/controller_server/controller_server/rpy_esp32_comms/cli.py	317	10398	ce44aa8031e07fcb4ae919afe570a4cdce6b023c99d84e7551cd586710eaf1e6
src/controller_server/controller_server/rpy_esp32_comms/controller.py	67	1964	35ecc738880538713b2fc0f34e17208229a6eb3dc1aeeb74dac0fab3434baace
src/controller_server/controller_server/rpy_esp32_comms/protocol.py	212	6743	8413007a1c25d073fc386eb8b4ef90a0e7f63099fca797dea153facde8ecba08
src/controller_server/controller_server/rpy_esp32_comms/telemetry.py	108	3052	e153793a45b2e0ae824b83a3555763a7446f01e1ea790072c8980ff4dcb47740
src/controller_server/controller_server/rpy_esp32_comms/transport.py	284	9723	a708a5a3a08a4d570f2cd419d7007c4d671d17ed2dfbcad1f02e7a90cee5f4ee
src/controller_server/controller_server/serial_port_resolver.py	190	5833	b5dea11d10fe012acfce589ad3b2cd9af5498569bd039c9306e1dff8bbde7ee6
src/controller_server/controller_server/sim_gazebo_backend.py	635	22215	fde91baec3cd862f2acdf85d6de924b23875fb0520a8f20ed02df9f62ee21f72
src/controller_server/controller_server/transport_backends.py	109	3486	4b039c602b5139d16847ab516c125084013a214bf9f7b2362527a5ca7c36b5ee
src/controller_server/launch/controller_server.launch.py	45	2010	53b7af4a6ce024939b138888909ab5d1169da84fb7d3a210b2ed3085ef50d378
src/controller_server/package.xml	26	849	028570c51c4edc992a66126b096219b0f596be5b20e58ab76e7b594c736b974b
src/controller_server/resource/controller_server	0	0	e3b0c44298fc1c149afbf4c8996fb92427ae41e4649b934ca495991b7852b855
src/controller_server/setup.cfg	4	103	96e047c11a66d0349f69c9c89f24947c003d02a9371d8fd495a86307cc3631dc
src/controller_server/setup.py	32	900	c0ca451cfb61b6c54f7918e4ea82cb6f596b3b158fed3c3ab6f5a826c273d855
src/controller_server/test/test_battery_estimator.py	134	4801	b8fd79673b966cb2e2c99759503b13af31aaa942c8f6d56c4cdc13ec5282d92e
src/controller_server/test/test_control_logic.py	450	12973	5e04594d643205ab1039cbb06e51a6839a40f164f1f7bee5f6ae9d67c227267c
src/controller_server/test/test_copyright.py	25	962	ea71bbbc6247b5c14d176ed09f39ee274d563cc9b2ec355828ea451ceff31757
src/controller_server/test/test_flake8.py	25	884	37a813a0507f0ce51a2d0b57312d2cc078a0307a3ca85580ea801b0d2f9755d2
src/controller_server/test/test_pep257.py	23	803	e8b88d49ee296987b1b40069f81019b5fa09b1aa1bfee9a1faae45bb5cf53eda
src/controller_server/test/test_serial_port_resolver.py	129	3623	c48671d5db123acf1820224844cdf1b52f06a9b80f12a800ef67fd1c2ba4afce
src/controller_server/test/test_sim_gazebo_backend.py	394	12688	0bcaaeb598ee5eda430c272a48ec6cec96aafebdc4b35f2093961be0f160248b
src/interfaces/CMakeLists.txt	56	1558	c256a319d4e1133d34e098fc1a81acd6638472fc164a549672434672f039568b
src/interfaces/msg/BatteryMissionGuard.msg	16	394	fdd22e754bb870f8d81da7cdb29d4b3e44abb48359d63860aeed65850d992e80
src/interfaces/msg/CmdVelFinal.msg	7	142	790e6740cf2f50d543fe6f6bf39ea98ba8a2e98084d387174289f70d4907b651
src/interfaces/msg/DriveTelemetry.msg	12	239	f568daa7800ade64c223449862617e39fc61794c3f1adf2aab979ed27c1627c0
src/interfaces/msg/NavEvent.msg	7	140	61d7c2068f7b3cc245586bb1d32ba3eb70be089830b1448430e428e7a040aa06
src/interfaces/msg/NavSnapshotLayers.msg	9	149	6a9c5820d1c8148fb928788a3067e4d9c542edd7a9fc112fe53220c0340061c2
src/interfaces/msg/NavTelemetry.msg	22	506	eb47c0ac96165e2b8557f8e305aea4d6dedd85b82078209a2950371db758e2fb
src/interfaces/msg/NoGoPoint.msg	2	24	7c3efd2583aba2a91634fd6f6575af55c2b4df75a23c740cfc99f1e3b20094dd
src/interfaces/msg/NoGoZone.msg	4	66	6dbdebe90bb74d22fc3450a280c91c19b918fceb0c88a1d1cc6c957f4c50a5c4
src/interfaces/package.xml	26	968	bc8945b386f85ca9d7dd887312b0556f64fb35d5b7e3e49e4d085c07c324625c
src/interfaces/resource/interfaces	0	0	e3b0c44298fc1c149afbf4c8996fb92427ae41e4649b934ca495991b7852b855
src/interfaces/srv/BrakeNav.srv	5	60	aa89697cdd269ba86a13efed832bf7f70542b127dcab731d132f2e67647d9e26
src/interfaces/srv/CameraPan.srv	5	69	a83fcdec782aeade8b9aae6c9726df2479641d1a85aa3ad0c621c86e4ef37864
src/interfaces/srv/CameraPreset.srv	8	113	93cf3ab70d1282178f92a36c8017d0ecdce40d0b352dbace9737124aa900de90
src/interfaces/srv/CameraPtz.srv	13	190	d8b49c64ff8c46f0cdd14152a12a1baf7ac70469877804c3daa285d73b576648
src/interfaces/srv/CameraPtzState.srv	9	131	b3a1a4a7a674942daed25483247fa9d1cddd6ef3aaf991c68d668889a0cc5311
src/interfaces/srv/CameraSavePreset.srv	9	126	cd70127118a43cc73e814913bde9c50ceac69029803b8db079602955ebd6e196
src/interfaces/srv/CameraStatus.srv	9	131	b503071dd2053ac5b115fcc20f75c6e5c6516b9498d7a9f5bd633088c1895c91
src/interfaces/srv/CancelNavGoal.srv	3	25	549e92e30297cdf62602f07aa964ddbd9f808ed036403c93c6e095df7d58b553
src/interfaces/srv/CancelPatrolMission.srv	3	25	549e92e30297cdf62602f07aa964ddbd9f808ed036403c93c6e095df7d58b553
src/interfaces/srv/CancelRouteMission.srv	3	25	549e92e30297cdf62602f07aa964ddbd9f808ed036403c93c6e095df7d58b553
src/interfaces/srv/GetDatum.srv	13	248	2cdc76b0943a821e37fa966ab37dbf690611c056d651ddaaace69b4f6937805f
src/interfaces/srv/GetKeepoutState.srv	7	104	3fd273344cb8596e01bdcd88af59da8a7042c996b6a58f34e7c1565c8f48c197
src/interfaces/srv/GetNavSnapshot.srv	10	164	bf168480cc9b81ed65a7ba9f554ef36b70181c691764b38778d3fce37854457a
src/interfaces/srv/GetNavState.srv	12	229	0bd8e4965019aae03bcc3cb3a184e9c5e5f34c703afab4b21be25b1f8269354b
src/interfaces/srv/GetPatrolMissionState.srv	31	650	49bb9a520dec91a642ddaeee808382ffaa5929ece2e985de24ad896049e35758
src/interfaces/srv/GetRouteMissionState.srv	53	1265	6f548b04d33b0ae4d5b7a8c7b2a0c1c59114e496e0c8aa0c833ddf9dff141f08
src/interfaces/srv/GetZonesState.srv	7	91	1a4bbd4cb87177794de519bcc10accc09c42eac1a159c91a7bdaab94aabde022
src/interfaces/srv/RequestReturnHome.srv	3	25	549e92e30297cdf62602f07aa964ddbd9f808ed036403c93c6e095df7d58b553
src/interfaces/srv/SetDatum.srv	10	166	4fcb0b0116c611313bb099417a8c6853af50cdf8a214f718006dd24f1b109b84
src/interfaces/srv/SetKeepoutZones.srv	5	68	4d91622130b99b240fb96a4c308aff74127aa390c49d2380cb1f5154a53be3f4
src/interfaces/srv/SetManualCmd.srv	5	60	fa798bb71fd37cfbea00edee8e2e95724285ac32c14d6680882dc7d37904f29b
src/interfaces/srv/SetManualMode.srv	5	57	2de5b57e83a007a66313ba45e2de79874fd7cdfce807d7f97f9e09ec072bda65
src/interfaces/srv/SetNavGoalLL.srv	11	152	ccbef0bf73f87146d16fe8985f411c6ad69d74199c22639d7207bd1b26d7d863
src/interfaces/srv/SetNavigationProfile.srv	5	62	18e0b9e59fdda5b152f027ef44780e9c4326dfdfe13a661debdb2cf1b0d5906e
src/interfaces/srv/SetPatrolMissionLL.srv	24	566	9097a6f5b946a968bc046e2a15f25a3308beda3990d9ea1d40588df38f24b423
src/interfaces/srv/SetRouteMissionLL.srv	14	268	58e315867c441b8f74c9dad1975b6f14fa4b750e79bd0d9d5e4f3f0d52c40574
src/interfaces/srv/SetSimBatteryPreset.srv	11	170	b4c50b380aaaa38ef4a2b58292c17a7c3c578872227e8007de075a2a3df4a502
src/interfaces/srv/SetSimBatteryState.srv	12	208	060929979e60c9bbde7404c30cdbb213f4010a420abbc8748e52d32d3602ab98
src/interfaces/srv/SetZonesGeoJson.srv	7	100	7eb30ea90a6db0463dff4268c8d0a21ea74cb4fe1dc06f509b35ffcfc70d8db2
src/map_tools/.gitignore	1	15	8df1fab4d5eb7cd86b2a28886842df2f9da7ff9e45050d5d1ff5fd5f3e524e06
src/map_tools/launch/no_go_editor.launch.py	311	15743	94d77ff591267db201f0e02afcb928896d0a0a7fa6fd474e0727ebbda545dfbd
src/map_tools/map_tools/__init__.py	0	0	e3b0c44298fc1c149afbf4c8996fb92427ae41e4649b934ca495991b7852b855
src/map_tools/map_tools/datum_file_utils.py	196	6232	4f3c42261758f5b715048c59310ff4203e6279f77b93896893ceb61be79b3a12
src/map_tools/map_tools/waypoints_file_utils.py	210	7621	1caa9851002dd3a5d597d658b84324ab6f3e884c42342130c3008dff8ce5b3c7
src/map_tools/map_tools/web_zone_server.py	5338	219686	26297e8752b900ebf31f37542176d3c40d32052774f0382d77791af28844f84a
src/map_tools/package.xml	33	1115	f281620df6d3753450ec468288e4d90cf8cf22da7001c3f8adf912a103c04882
src/map_tools/resource/map_tools	1	10	6f15f81e29c27571a5ff98aa21b6020cb88b8adef6eee3140d76fb3efcde25ca
src/map_tools/setup.cfg	5	88	c79e34d89f14ae3b115d13fee1a5c2d60bd21973bb86a86869476263db777a25
src/map_tools/setup.py	33	1034	069ad37fed01e4bbc04a3404598ab8ddd6650a597bcd718d2310ff5845692b87
src/map_tools/test/test_datum_file_utils.py	63	1463	07dd1aa34eacf732d40a7fe3b6cf8f248a01e96257ed1de8c2af1526446fcd6a
src/map_tools/test/test_no_go_editor_launch.py	14	491	f694cf3af11fa6e5ad0bb2cad79bfacd46ed3fb5217b10d099e8e241bc825c6a
src/map_tools/test/test_waypoints_file_utils.py	208	6054	5ab05c3f1fbe89133a48614921287fff80fc52b03a2feea5df4d5f823dc96c96
src/map_tools/test/test_web_zone_server.py	612	22293	0fe1bb58b1ac4a55c644b703127dab2d5a50658abaaf97fb29cd6573c49cab00
src/navegacion_gps/.gitignore	3	28	25a5c2e27a7857e0fa2ae192ed67f4b9eb914b724dd506bdea907f4ef062d602
src/navegacion_gps/config/.mapviz_config	49	1071	df02f24d101872e1c2af0deacf7accdc746badcc49d66074d995b1c9b1460afb
src/navegacion_gps/config/bridge_config.yaml	73	2280	dfc53367df55820b4ed8c38999c6efc7ae337f3241d88ddba403045109fc5acc
src/navegacion_gps/config/bridge_config_v2.yaml	35	986	5fa817e3818970257ca52d9ccd7214bd4659f1aa443a28ff42d6e7c5801a2348
src/navegacion_gps/config/collision_monitor.yaml	57	1571	ad587abf468a9b9b879cce8f7cb865b34125f8e411a4295e9c55696dbb197b35
src/navegacion_gps/config/collision_monitor_lidar_only.yaml	37	939	2796d8a997f16ad73b02e10db87843e50f0901c97804bd85eb7dae6adb04d5f3
src/navegacion_gps/config/collision_monitor_v2.yaml	61	1687	35b46f97b244ff252dac55b1ec65d31e7e62550da431e93bb12899fb975eec58
src/navegacion_gps/config/cyclonedds_lan.xml	47	2062	839aae06fecd18eb50acf0d25d68cf329b7351af8598319196198f820d8e97ca
src/navegacion_gps/config/cyclonedds_wifi.xml	21	769	ca78ded87d2648ba37c62c91aafc9ae9f718f4c5330b7f9d341c73272baaf634
src/navegacion_gps/config/datums.yaml	54	1339	f9e481e3160c2d43eb6766a0091eae5d19445897020f039073361d6305c9668a
src/navegacion_gps/config/default-waypoints.yaml	11	186	d00089eeabc7bdfa9c4036fc7520046a469869325945cf8a716f6eb6a93b2b50
src/navegacion_gps/config/dual_ekf_navsat_params.sim_decouple_global_linear_twist_only.yaml	11	306	687f0090fb11d60c983ff1a4a11c646370320c8e078e07b8ef6c11447233e6b4
src/navegacion_gps/config/dual_ekf_navsat_params.sim_decouple_global_twist_only.yaml	11	305	90f4f0ab928c5dbb6ddf9d33ab0a51cdab3fbe339252277358809dbc37295db2
src/navegacion_gps/config/dual_ekf_navsat_params.sim_decouple_global_yaw.yaml	11	305	90f4f0ab928c5dbb6ddf9d33ab0a51cdab3fbe339252277358809dbc37295db2
src/navegacion_gps/config/dual_ekf_navsat_params.sim_navsat_imu_heading.yaml	3	65	67f9e0e2e980ea4d270dbed6f2162df2e16d6db44b4f13aadde531655e02240b
src/navegacion_gps/config/dual_ekf_navsat_params.yaml	157	9942	0be5dd73dfa3f55af0b66164f3f163723e855c7c9cc0009817c45699f5b1777b
src/navegacion_gps/config/keepout_mask.yaml	10	132	a8d4f5f9dae84479cc7a7bc2a07b50daf8d001a1790d68f1af0f2df377ea4c3e
src/navegacion_gps/config/localization_global_v2.yaml	197	7579	36e00cf561f6e704eb6ef437598f5c0c73470ea26b53f0a89e1888d89ba053a7
src/navegacion_gps/config/localization_v2.yaml	56	3038	d625a420483b203cf3aa08a65b3b00dd6c1cb991ed771e101b920e5722d7e95b
src/navegacion_gps/config/nav2_global_v2_params.yaml	302	8899	540c49cd54d44e1ca15cae24bf93050b212c68a972f9b320a3d30fe24275470a
src/navegacion_gps/config/nav2_global_v2_real_rolling_params.yaml	365	11789	2161a6afd8a4aa4876bc22b0dad9210248ef8cbc3c2b9f0e5330b354b787db2d
src/navegacion_gps/config/nav2_global_v2_real_rolling_wifi_params.yaml	378	12753	e044350c945f4cd5b67fa7dc09e8dbc933182f2a53a85d28c04c304e6490ccad
src/navegacion_gps/config/nav2_global_v2_sim_rolling_params.yaml	365	12338	5a1bddb0b7e8b8d51c653a8ee33c8e819685f01cb99336ec5d949f387a8cc4a0
src/navegacion_gps/config/nav2_global_v2_sim_rolling_wifi_params.yaml	365	12456	c27525fc39fc93a8c87af227fdb970d7a00d3ff199363890b73d6eb2e87b77c6
src/navegacion_gps/config/nav2_local_v2_keepout_overrides.yaml	1	3	ca3d163bab055381827226140568f3bef7eaac187cebd76878e0b63e9e442356
src/navegacion_gps/config/nav2_local_v2_no_keepout_overrides.yaml	13	267	4950fe000b960fb5d0e61de867262547e31c837b1594c7cfa08921ce26946158
src/navegacion_gps/config/nav2_local_v2_params.yaml	311	9520	e3ebddb6dcb92d9277600d99a2b50c760af08f6e8b74066779b3f8e77b054213
src/navegacion_gps/config/nav2_no_map_params.yaml	334	10188	bf23fc23836ada1c81e5e136826c375ba4c906f084b42c3e899f465630f5b0b3
src/navegacion_gps/config/nav_benchmark_scenarios.yaml	154	3971	ea7a5fa24791d8990d298308ce5a9a097419c7e82b94c5b0511e7e42d292bfb3
src/navegacion_gps/config/navigate_through_poses_trace.xml	73	3879	c29807840454662ae70b1d1c3fb371a72fcc8793cdc64ad0af415405d18f8875
src/navegacion_gps/config/navigate_through_poses_w_replanning_and_recovery_no_spin.xml	55	2564	297dd1bfab72957baa8071940e3ad80bbec847036972c386b03fe1ed1a006fb3
src/navegacion_gps/config/navigate_to_pose_w_replanning_and_recovery_no_spin.xml	40	2029	7609c4f9486e4d029c75f0e927bc9aceaf5643e85b3a3c2362a81dc724ad4f3b
src/navegacion_gps/config/navigate_to_pose_w_replanning_and_recovery_no_spin_no_backup.xml	40	2029	7609c4f9486e4d029c75f0e927bc9aceaf5643e85b3a3c2362a81dc724ad4f3b
src/navegacion_gps/config/no_go_zones.geojson	4	52	b3049ad7a1062091e169bd352424d59721a26b8b6229942aef26d11b0c6a96e1
src/navegacion_gps/config/no_go_zones.yaml	44	1021	dd6bb5a9102fb983c05b26f7a5b0b6bb7768d7d815eb02b26fa29ff3b380d348
src/navegacion_gps/config/pointcloud_to_laserscan.yaml	15	362	1ad984cad3ea60e33a0ad4073444412b9742292454826d4c07ad17600cc0420f
src/navegacion_gps/config/pointcloud_to_laserscan_real.yaml	20	696	51617dbc314fd2c76a849c87541cd52af1ed717eae8a0632fd04445e0bcbd155
src/navegacion_gps/config/pointcloud_to_laserscan_real_cuatri_real_v2.yaml	15	363	76e0634f37ac46c0c44dfaa0406453f55f3d0cb873f7d6c349cf742d98c967af
src/navegacion_gps/config/pointcloud_to_laserscan_tilted_lidar_sim.yaml	15	363	4dc99214aafcc98eb8cc4b86752596fdf56f97520bf288323137a68f751a133c
src/navegacion_gps/config/rviz_global_v2.rviz	429	10822	256e156ae0af3974cfba6dce522b466fb33952ec59735882b618fc364c151853
src/navegacion_gps/config/rviz_global_v2_wifi.rviz	330	8495	8ba17f1f3b10a3a95541669d125ad37e90a6e2e4cf171ea549e1ef54d4fb728d
src/navegacion_gps/config/rviz_global_v2_wifi_2d.rviz	309	7901	434b45f506e4b6e469891a2fc994ac8895df043bca09109c8e2ee00520129f6e
src/navegacion_gps/config/rviz_global_v2_wifi_scan_ground.rviz	364	9407	de99fef21c1acaeb1b73d096459d63797d371335087614e8f482ee0062b7071b
src/navegacion_gps/config/rviz_local_v2.rviz	332	9085	1c28d65fa0471f68b9513850c7648fd5190bc6252b7f7afcae161c9a3627c587
src/navegacion_gps/config/rviz_nav2_full.rviz	613	16744	e57144644d25bc87fd9758d8eac7c30a4c1958e934d582efed760e5d0eba2c4f
src/navegacion_gps/config/scan_ground_filter.param.yaml	21	792	6dc0fc7070681977c03e47d13575298368acd28671c7997fde1cf6ee7f6c2d0a
src/navegacion_gps/launch/keepout_filters_v2.launch.py	85	3373	bdf24d9f1c99b6bb37fc33f91adddd0030c0c67de919c527a06a2d0a48db388e
src/navegacion_gps/launch/localization_global_v2.launch.py	566	24107	e2df6a386f7987b82648a9e811a22b81598167f17f2ab9a505b5b595877bafea
src/navegacion_gps/launch/localization_v2.launch.py	124	5272	dec3d5400f6f9fa3a36e8e363d789a1d36634fbe59bdf321b207f73cce7bd1fe
src/navegacion_gps/launch/nav2_only.launch.py	325	10950	ffd76e33f2152c8bd28f6d90ffb106e04bd441076c0ee37caf37587bdb394bc9
src/navegacion_gps/launch/nav_global_v2.launch.py	296	11803	4ca7a71aa3659ccd9c0e72b15e0f881055a184ecfc0eb1df77c9b849fe5429d2
src/navegacion_gps/launch/nav_local_v2.launch.py	242	9550	ef20a9f32e3e22564ae7e65911898b2010ad2ee07f84c6b27c52b44f4d254751
src/navegacion_gps/launch/real.launch.py	455	17414	9524cd16b5e8412995263fbab606efb29eeccee1dc6a11c7d27b25c1b0b277d1
src/navegacion_gps/launch/real_global_v2.launch.py	998	49140	7bcb3adad48f38fc1ef06f4095ddedac979942eb4dd109c643b6cc63a7136b41
src/navegacion_gps/launch/real_global_v2_wifi.launch.py	426	25000	7049ddaa48fa1c2353bec23a1be653d2f6f09348a9656fe2a0df4b670347e17e
src/navegacion_gps/launch/real_local_v2.launch.py	450	20127	2e6f0fbc7336c084bdccffef44ea37d17fb0f033ff0d0d93fe6c93cd4ea74dff
src/navegacion_gps/launch/replay_localization_global_v2.launch.py	214	11719	e8e39e810e56cbb26d3ea80b3d9fcf738f1908e995fefde5d25bb412cc3401bd
src/navegacion_gps/launch/rviz_real.launch.py	80	2708	e3f4d5e01054aadee19b41e0741a73571efad39d258b3ba6a41b3c8ee2cf28ad
src/navegacion_gps/launch/rviz_real_global_v2.launch.py	93	3252	74c21ec5c16ea1d081bda7ef4d0a6e0e6d7466362f55d7b6c263088abb0a8dc6
src/navegacion_gps/launch/rviz_real_global_v2_wifi.launch.py	49	2095	05257125ac653428ef42869950e068c530ed120e3572b50c29e3508f0b657b59
src/navegacion_gps/launch/rviz_real_local_v2.launch.py	80	2707	9dec69f6a231d40ae0b7fba85798de368ad9d26feb4afaf1fadb4c9cae7c2bb6
src/navegacion_gps/launch/rviz_sim_global_v2.launch.py	92	3187	e1f9a6bc7783af14540beb3418a8415ea585ecef1a5a808908f056f7d0497ac8
src/navegacion_gps/launch/rviz_sim_global_v2_wifi.launch.py	49	2093	0092d3a894ebef6374736e8b7cb954c43c4896b902db2b3b942b858d8aeb681f
src/navegacion_gps/launch/sim_global_v2.launch.py	873	45086	361f1076d33efcf5a46945d710b182024e28ff51a2808d9f9338649967f19226
src/navegacion_gps/launch/sim_global_v2_wifi.launch.py	496	27839	fa86608b8a1adaae3f0135830374b3e4dd5b15a9b20f8153d9c5dd705c650e44
src/navegacion_gps/launch/sim_local_v2.launch.py	286	15098	7f0d330abf4f93895bf378ed269d94ff9c24f7dbf0b2e040e4fa595d7ff05da6
src/navegacion_gps/launch/sim_v2_base.launch.py	345	13076	20e335a9b6274edf47def726869897532278da166979ae42ba1a584295e9a685
src/navegacion_gps/launch/simulacion.launch.py	921	34350	f0fa596562427b7dab13a612c094ad3e9eae5f025bb0963c17a5128929df35c4
src/navegacion_gps/launch/validate_scan_ground.launch.py	161	7806	182724fc3cd5dffbdc598baa6f0ffa459fcb12488c227d624b70ef72286509b1
src/navegacion_gps/launch/validate_scan_ground_real.launch.py	83	3891	e07b311a67a978107e728b70c5f5d61f64472dad21929d189d5ddff0c69d5e44
src/navegacion_gps/models/cuatri.urdf	393	12231	44d99c3f6cef51d6f1d5db368e88df7f829dbd37baf5d3883116ab716af7f9da
src/navegacion_gps/models/cuatri_real.urdf	433	12804	5f249dfef0f00f6f2e19779a7286a88bd8d35ba8a49ae23498230f54e7d46714
src/navegacion_gps/models/cuatri_real_v2.urdf	433	12805	1beb5f14ad4bd1c2d810c75d9be16081e94048ff86d9fd541870daa876753d65
src/navegacion_gps/models/cuatri_ultrasound.urdf	624	19133	b0f8425c67ba07f13d8533f22de9236b0eea8c18681a3950b522ccf584841c54
src/navegacion_gps/models/modelo.urdf	422	13777	716d8bca1a5168a9ef59cdf08d6ae798ffd780ac1dd782834dd8aba8d5cd7293
src/navegacion_gps/models/my_robot.urdf	348	11372	64d7d90c39e504f7da882d1144e59a9fcd7a504ffb22ceb651df2be101e05e8d
src/navegacion_gps/navegacion_gps/__init__.py	0	0	e3b0c44298fc1c149afbf4c8996fb92427ae41e4649b934ca495991b7852b855
src/navegacion_gps/navegacion_gps/ackermann_odometry.py	230	8491	81180cad61380b2c935491d8824dbb49c735cf9190f2b6d79495eb6d7f92d457
src/navegacion_gps/navegacion_gps/cmd_vel_ackermann_bridge_v2.py	182	7339	41c14d9fc50426b052a6379145317bd174de00e5b329b53696ba893d0dbd4047
src/navegacion_gps/navegacion_gps/compass_calibration_recorder.py	726	24990	3c89eee9181ffb176d79dede4f960b9d12d61edfae4ef8bf58e6c9599fbde3b0
src/navegacion_gps/navegacion_gps/compass_heading_gate.py	385	13969	a0ded0d92fa0ac9a5bb5d07473dd51509533cde469a818ee6fe294890c41a2f2
src/navegacion_gps/navegacion_gps/datum_profile_resolver.py	61	1947	d0b367a29c6fc82b634eba08c3239b92421dd254bd5c2da6b3a4231d88ec1f57
src/navegacion_gps/navegacion_gps/datum_setter.py	602	23209	6a64da9c66b13441e4219d4c3ad268dd7de037ec1b255ddb519b429a95a036f3
src/navegacion_gps/navegacion_gps/gazebo_utils.py	668	27191	7128bfb66c0f991ca81fc7dde80c3922a770c43d8adae8ddf96e9be1eec7216a
src/navegacion_gps/navegacion_gps/global_imu_stationary_gate.py	104	3716	005abe5df64b72611ae9bded062e6a899276679a26400653d6895e9fd7dee8d6
src/navegacion_gps/navegacion_gps/global_odom_stationary_gate.py	99	3642	3ed332e8428845e25c8120d25c993cab011d10e82b9bd286b632aad3cdbca9ef
src/navegacion_gps/navegacion_gps/global_yaw_stationary_hold.py	120	4394	301dff5d485891cdd8c9d7157cd8a39c4da6c43610988c3f9865f25fcabb14c4
src/navegacion_gps/navegacion_gps/goal_pose_to_follow_path_v2.py	748	29519	ff275a11c4b09a28c28561b6500fe5d42226fbeaff047dd3bad5034458ee140c
src/navegacion_gps/navegacion_gps/gps_course_heading.py	305	12924	c4077a05a13ce45b2f7b029e4f359012bac26783378e535dd0e11026016c9b02
src/navegacion_gps/navegacion_gps/gps_course_heading_core.py	305	10537	c5a50d41d76397b3a51b82239e148f7228238e7c7f6c5ae1fb92879f0da01114
src/navegacion_gps/navegacion_gps/gps_profiles.py	226	7935	f31d440baf5ca47f1c2669d9290221554c85ca470a0a48e1c4540a4d1aacae36
src/navegacion_gps/navegacion_gps/heading_math.py	69	2147	22baf41b58ff79ea1d4c1055fcf4eddb1c916747118d05ba7bc8a61dbe6aeb22
src/navegacion_gps/navegacion_gps/keepout_mask_utils.py	112	3316	9becd92fcd4aded9ea2841adf9bc09a24d1f9e2e9d8b00cc87c527c207ce2fb1
src/navegacion_gps/navegacion_gps/lidar_obstacle_filter.py	691	24066	5260469ff90442dd1be121a5faa3cf3f79dd750e2c20aa12944dbd6ce188e66f
src/navegacion_gps/navegacion_gps/loop_waypoint_benchmark.py	189	7433	390a874562a47890a09283a3b673072e3815fe2176eeceaad072203240f768aa
src/navegacion_gps/navegacion_gps/loop_waypoint_benchmark_core.py	81	2458	181e0f2524329225eaaf524f2a964674081b0468dfb651f90488638b0a635cce
src/navegacion_gps/navegacion_gps/map_gps_absolute_measurement.py	230	8233	3fed3b66e02a8571b95b1b4699538b7a9e72279fc7d2fd8436f8af874b7c762d
src/navegacion_gps/navegacion_gps/nav_benchmark_report.py	177	6141	54b1b42b92115e18ca8ac9355e53c6e27e04ac86d6fc4fcc2ac1031babbde686
src/navegacion_gps/navegacion_gps/nav_benchmark_runner.py	911	38512	9ebfd3a0b8fcebb0af79684a5f8d942713e8e309fa1e65d52f6d150a9510c5d4
src/navegacion_gps/navegacion_gps/nav_benchmarking.py	399	14466	8249fc21453819e8d12ea2851f2c77815d292aabd8f48a4a896eee3a18d20484
src/navegacion_gps/navegacion_gps/nav_command_server.py	2583	105647	85bd24582bab3017c08e77dc164a83534076c71c89aae6cf30492951cbef4f2e
src/navegacion_gps/navegacion_gps/nav_observability.py	438	16950	9097caf532332ff970dba5c4abc92473feb45708b1493dec0ce17da3384573f9
src/navegacion_gps/navegacion_gps/nav_snapshot_server.py	893	34192	f233067b103d6e6c22641773bbe555ae78559c339224d5e88c19a924ffe9a7b3
src/navegacion_gps/navegacion_gps/nav_trace_recorder.py	792	32383	044dac835af2b0d9b97bc5051601d9182497732e1092cc00d4d14a741f29db35
src/navegacion_gps/navegacion_gps/nav_trace_report.py	23	873	62697a9f778b20a3dbc568b4d2614e7aa447fe1efdec67572b3ea7fba5a8e5e2
src/navegacion_gps/navegacion_gps/path_clearance_validator.py	656	22515	0be18ed14af203a92f188b86362817023f770ad2f16a96802018cf2f294e4794
src/navegacion_gps/navegacion_gps/polygon_stamped_republisher.py	75	2369	f3c793e53a588a867ec8eb57d8ef510d0f1218510f2c5dc116367a992538bb33
src/navegacion_gps/navegacion_gps/replay_localization_compare.py	402	14266	3820c1951d432f69e812f5d9d6fc1a56c82ad9a22960408ae62ebacd40c9aa9b
src/navegacion_gps/navegacion_gps/route_executor.py	4665	192760	5d256a89b6cd4776d7277f90c8aadd42ac2210fd3255c379537d45e27ec0a522
src/navegacion_gps/navegacion_gps/scan_ground_filter.py	517	19568	e3decda5ee382aae4d9bc63e0137377ea7154aa81fa25705e6ce60d15a7cf6eb
src/navegacion_gps/navegacion_gps/scan_ground_validation.py	248	9186	5111b591dee47646a7674c7e965c633ba52d8af0d1e4f8073c487e53ab46a4e0
src/navegacion_gps/navegacion_gps/scan_noise_filter.py	179	5776	d6d7c4f5353405bb00f110bc70744073c45ddafbc5f57a1b3621cde29fc394d5
src/navegacion_gps/navegacion_gps/scan_wifi_debug.py	151	5133	d32bfe5290cbe7aee88bf54bce1132edda577db6a71ce7d342e2e19a634ba5d4
src/navegacion_gps/navegacion_gps/sim_battery_publisher.py	82	3379	b9ca0082d9be4f5474caee3786e8b8aa3851aabd0c54746e4f531ee1b29aff81
src/navegacion_gps/navegacion_gps/sim_compass_hdg.py	105	3514	84858e27462cf79cf73d047299629635900b5718e33ac1717579dd13516704a2
src/navegacion_gps/navegacion_gps/sim_drive_telemetry.py	102	4063	afd47e34f475411c3c47f76c2f5b47e97e2b8970630647ff16b73854f20f4845
src/navegacion_gps/navegacion_gps/sim_global_straight_benchmark.py	658	26643	068f278248b98b8a315af9b6431a243ccfd49712d00696b75b6f0543e11c2523
src/navegacion_gps/navegacion_gps/sim_localization_benchmark.py	693	25216	b80d2afbcb0f9c0a48790bcb78b68db096c8d7066f8efa6b533e28972a2616fe
src/navegacion_gps/navegacion_gps/sim_sensor_normalizer_v2.py	201	8357	c9f2df824d0e0507a5c9829b8fe457964be25817e26ce46413358c1d47e5b410
src/navegacion_gps/navegacion_gps/startup_heading_diagnosis.py	329	12191	1659aa9a1e9d6638b6eff1a46216e19310934afed71b0498c6f07b9015e22a7a
src/navegacion_gps/navegacion_gps/zones_geojson_utils.py	328	11650	57f38e697f10061b75bf08e8bf885a09a33711988e4b283dc086fc32d802aa79
src/navegacion_gps/navegacion_gps/zones_manager.py	881	34984	df21dda0c550163368659a074e45a86bd21aef39273f99deaba5477861e007e7
src/navegacion_gps/package.xml	55	1886	98ebb03eb6ea8847183d1eac8a7157f9805dc535626902b0431f2d5ee2250348
src/navegacion_gps/resource/navegacion_gps	0	0	e3b0c44298fc1c149afbf4c8996fb92427ae41e4649b934ca495991b7852b855
src/navegacion_gps/scripts/run_scan_ground_validation.sh	66	2333	d2ad68f113b9b4bf60350aa45317491d0bc219ce30e47cd8dddec20f0fccf844
src/navegacion_gps/setup.cfg	4	97	0de2a75527ca2a54770e8b0962aecbb2a9505975e09af056850703be7d58541d
src/navegacion_gps/setup.py	77	4427	03ca0b18e6ff633ad48ca79837342bf9ca04a1366ca8cbd290aa91bc4c435bc6
src/navegacion_gps/test/test_ackermann_odometry.py	40	1290	40da88f2d3f9ba8406ed62c68594246ca44aa2945d7ddb1152a3d966e74df4d3
src/navegacion_gps/test/test_cmd_vel_ackermann_bridge_v2.py	41	1171	071a7112d56e43bfab7b7a021f4e2e2b692514881c8bba5e7a3226fe09dbe01d
src/navegacion_gps/test/test_compass_calibration_recorder.py	196	5648	0667b1f3367afc25d79e304251fcae8fd447f53fc1c87d3a17bd9db5eeb5a04b
src/navegacion_gps/test/test_compass_heading_gate.py	244	8078	1a8437fa97afcb59b6c7c48b4aaf6ff1665c8286e01c1679f96fa4df63201d45
src/navegacion_gps/test/test_copyright.py	25	962	ea71bbbc6247b5c14d176ed09f39ee274d563cc9b2ec355828ea451ceff31757
src/navegacion_gps/test/test_flake8.py	25	884	37a813a0507f0ce51a2d0b57312d2cc078a0307a3ca85580ea801b0d2f9755d2
src/navegacion_gps/test/test_gazebo_utils.py	342	11456	ae161f50c82859b27e3292367f4da3eaffbaf7e6525cae071790e189a8a74e19
src/navegacion_gps/test/test_global_imu_stationary_gate.py	97	2876	4273ac001611c2dde966c2b614efcd9b6e7348d932289e414629976a78e3384a
src/navegacion_gps/test/test_global_odom_stationary_gate.py	93	2894	dfd467d4d70ebfee1c23206c037f2ad83aea5f03b6559f5cce336518d02d8c4c
src/navegacion_gps/test/test_global_yaw_stationary_hold.py	89	2804	a81380f7bd797508684834f969bdcff5722e7ac938f4b1d697d2f0049730589b
src/navegacion_gps/test/test_goal_pose_to_follow_path_v2.py	227	6372	438ef3f9ffc4a5ddd56634ebb3416269aaf1fe988e46db8541ac9cfe69f72298
src/navegacion_gps/test/test_gps_course_heading.py	37	1363	3f81337b9e2b9643dd78f0cb58db44dfaf9fc324c3fdf245fb865c159c9a23f1
src/navegacion_gps/test/test_gps_course_heading_core.py	222	6230	135f1ecb514a962b2cac6bcc737b2078907d8a7019e6404950cf72f20d128de7
src/navegacion_gps/test/test_gps_profiles.py	131	4396	70bed33bcd5501c9207f86711e63ea1716b38df6c8ce1df40d58e0b5a30e4673
src/navegacion_gps/test/test_keepout_mask_utils.py	90	2110	8bf27140cf53bd7de95a970419cf7270e5da20598b6fc511d2de5353a6ad0d56
src/navegacion_gps/test/test_launch_contracts.py	111	4810	a64b5b871b85dd6123d0c491551cd2227aa597d5e1d9e0c32a1e25481c4bb2d4
src/navegacion_gps/test/test_lidar_obstacle_filter.py	233	6777	fdd2d12f13a33dfdb706594e98895a54d316a944f7fbb7de0a33a8319681bec1
src/navegacion_gps/test/test_loop_waypoint_benchmark.py	71	2473	1ea2b9632dc4bd78945a2f827c766fce3ead35c34b69411e207eda713ef8d3a7
src/navegacion_gps/test/test_map_gps_absolute_measurement.py	159	4859	f058ddfc54de5b5ab6550fde323a2514de40ed705fc1e16f60461923543186fd
src/navegacion_gps/test/test_nav_benchmarking.py	99	3535	f8c0ec497f2e526d6d059e6288b053cb330b2383dc7823cced8cfa5225f22e63
src/navegacion_gps/test/test_nav_command_server_arbitration.py	448	14644	d2260b8f98fbdb06f1be71d0a628013e61e0ab11ac2c23f1adf453e38da2b756
src/navegacion_gps/test/test_nav_command_server_fromll_fallback.py	52	1699	7f2fdc029c392a715923a63c52872a40b991d71c080ad0641737c6fa6b6c366c
src/navegacion_gps/test/test_nav_command_server_loop_helper.py	407	13016	1b1a5daeb86cf572804ceec9ff3eb170ac282571c82ba86312224b24b0d3d5f2
src/navegacion_gps/test/test_nav_observability.py	129	4786	a8238738cbb6a6a7c00484ad3d1b62156c73aaa576ad47b114adee4710c71658
src/navegacion_gps/test/test_nav_trace_recorder.py	107	3384	bbc8f2409392c79fb080c15db415cf7046f117c4670e6a392e0dfb3cf38b507e
src/navegacion_gps/test/test_path_clearance_validator.py	278	8119	b9a5cfa316ee091baea7f135c5741e08467e61b662818a7095fdad315edce0d6
src/navegacion_gps/test/test_pep257.py	23	803	e8b88d49ee296987b1b40069f81019b5fa09b1aa1bfee9a1faae45bb5cf53eda
src/navegacion_gps/test/test_real_global_v2_launch.py	342	21179	60e57f46adab25081174d5433e87f7181999216a0ba96677ade7061e0d358fb2
src/navegacion_gps/test/test_replay_localization_compare.py	111	4565	d8bea02c9d84b1b16a6be4286320eb09b7ea3edcc1acb0d23a944eef30f213b6
src/navegacion_gps/test/test_route_executor.py	1664	53151	136560731bc7926d20cc92f113d5485e2b59bed905388c911ba2a465331b6b30
src/navegacion_gps/test/test_scan_ground_filter.py	212	7044	06b81b7cbf5648fa74ece96fbfa368b45c1d53b7bfc4ada62fad3aa730fcb689
src/navegacion_gps/test/test_scan_ground_validation.py	89	2793	d59102258fc22ad658ff5a61a28d622f21959235b04c1051cb41b027af5f7a6e
src/navegacion_gps/test/test_scan_noise_filter.py	101	2916	840790e5157433aa597efbe15dcde6726910563fb7d6a36f0cf840cf9889593e
src/navegacion_gps/test/test_scan_wifi_debug.py	54	1516	cedfe95e515042c5fcd375f7c50e37781ae2ad974999debcd0f642874053269f
src/navegacion_gps/test/test_sim_compass_hdg.py	67	1895	b7bf112c2f28d903aab1933c531e97c76dc66e57a7b149e7eded43bd025f13fd
src/navegacion_gps/test/test_sim_global_v2_launch.py	541	30686	7cf0add98adfddfca1f51076c3ba7cbcf9b8c7017acf5d0ed0892250b18ab260
src/navegacion_gps/test/test_sim_local_v2_launch.py	34	1401	82c14038462290cbe8fe03bb25f8a05ce3987dfd7b3659217679ede0ab6ad5ab
src/navegacion_gps/test/test_sim_sensor_normalizer_v2.py	84	2954	f00c5f8edec03db683d7ab357d9bb3b473e48dd489ac04318b8c3e855d89a42a
src/navegacion_gps/test/test_sim_wheel_joints_are_continuous.py	29	986	2d579d0ea5c48390d818b166bd5f8a58857dde2b5c107ca18795198e2dbf2873
src/navegacion_gps/test/test_startup_heading_diagnosis.py	42	1401	dfe3892ba33afe6fc42520a002dc3ff5359b78724745fc3ff2817ddadbfd8935
src/navegacion_gps/test/test_zones_geojson_utils.py	186	5417	a2c5d2fa389a14ae06f80fef67d02b4ff6cecfcaf2827739b47f376d281a4c9d
src/navegacion_gps/test/test_zones_manager_keepout_degrade.py	87	2493	bb54b520a1d707a6172bd24e591f970bba744e2ef43fac94fb367464acfade7d
src/navegacion_gps/worlds/default.sdf	561	15347	7171706964b30697d4d2684b30b79c87ad3039143ead6e1d560fbcc59f6475cd
src/navegacion_gps/worlds/pasillos_obstaculos.world	313	8950	fe8965fb53c03605f81c50d10e27743728285781c7f5da08f3993f992971aa9e
src/navegacion_gps/worlds/slope_lidar.world	146	4492	aa2a809b893c85427c1064aaedb58a6f904b94b6d106ca07817a92cf31f9c781
src/navegacion_gps/worlds/sonoma_salus.world	60	1772	3d6425c697407ebea4d6fdd0c16e2929371b77c3c7c9ef82b73398c40ee1c8ca
src/navegacion_gps/worlds/tugbot_depot.world	46	1379	d017d02e30fbbcc048f46420cf8889aa0877bf1be24fc8f14db9575bf1158129
src/navegacion_gps/worlds/vacio.world	84	2436	ccbfe05ec8364210546c8673ebb4d76da003b70fba2f2e5df107101f1743960b
src/navegacion_gps_bt/CMakeLists.txt	79	1913	0acdee201094ccc5bf56728695aaa37e7e72617bd0f7f93aff8c6c73a443419a
src/navegacion_gps_bt/include/navegacion_gps_bt/is_path_clearance_valid_condition.hpp	39	1034	a69d4c887a0d39e7801416a8d226b7a0623b1e8a9cc10d9c0a0dbb94bec96157
src/navegacion_gps_bt/include/navegacion_gps_bt/trace_replan_decorator.hpp	42	1204	f9da4d37e6db72e52a420b93ee77904f7c5e31cc314398ee3a7cc528df75ef87
src/navegacion_gps_bt/package.xml	23	779	e8a13fcc3b0f3bb9973161829122bcb7de2d07cd6b13b5e2ff9f35862c79b8f4
src/navegacion_gps_bt/src/is_path_clearance_valid_condition.cpp	45	1193	5f3293bc09f036028541b7acab5283b7e383011bcf9a779fb0aaf7879e42e505
src/navegacion_gps_bt/src/trace_replan_decorator.cpp	125	3665	f7ba14c5ef382d48e84895a8cccad277ed66162805598abd77b7362086e589c8
src/rslidar_msg/CMakeLists.txt	41	1160	43fbb667aa51d9b9c4687e0aaee8467eac435184c17252186c8895d6fc83eb9e
src/rslidar_msg/LICENSE	19	1760	bea65e9c1f73d2a04d106da0870b739bb7108bc290ca958fad5d1dea4c3fb3ec
src/rslidar_msg/msg/RslidarPacket.msg	4	72	df90598303f1bd62ea064fe120c1f93b3699cf2b5ae97e78b9cff9bdc46027be
src/rslidar_msg/package.xml	29	920	dd5457236fbb564d8f01abd71e1092c17ffb5a01102af36ffb9328129534b697
src/rslidar_msg/ros1/CMakeLists.txt	41	690	a85857c1503965482b81543f8ca5736f05678cccab6177f0fd262c8e8e6e7782
src/rslidar_msg/ros1/package.xml	22	765	4540fc7c489c6c62c537a2c3e8ac6d6aac389571226de20d4b36814315e8a542
src/rslidar_msg/ros2/CMakeLists.txt	41	1160	43fbb667aa51d9b9c4687e0aaee8467eac435184c17252186c8895d6fc83eb9e
src/rslidar_msg/ros2/package.xml	29	920	dd5457236fbb564d8f01abd71e1092c17ffb5a01102af36ffb9328129534b697
src/rslidar_sdk/.clang-format	66	1886	11fbac213efda6600fcfaafb6fd29754c3f954065eede7fedddc7d71fc6b461d
src/rslidar_sdk/.gitignore	14	121	6121a2ca39734611fbc87c0b0ac49e26371ff7816c183199e4bd4feac6fafc53
src/rslidar_sdk/.gitmodules	3	74	e5769a06e4a4b09c75e52907ca8334721485090e907e3c8393a0bcafe2fb153d
src/rslidar_sdk/CHANGELOG.md	231	3974	615a3f4726cdf798ef188717e2a9a5f504cd2865c373073744bd1e9d250da6a0
src/rslidar_sdk/CMakeLists.txt	209	5845	0eba5931136fb6b67b671fa1290da6711d3f6cf13a0894268fc842e9182dc958
src/rslidar_sdk/LICENSE	19	1760	bea65e9c1f73d2a04d106da0870b739bb7108bc290ca958fad5d1dea4c3fb3ec
src/rslidar_sdk/README.md	172	5091	6c53aa1a43a97592d3abc334ea1d5327ba9d712422e1efa4e31d74bff8d09505
src/rslidar_sdk/config/config.yaml	44	2977	d6703c44b2f9314e8507d824a095abd13d6158617dcc2b870a09d752e23a6234
src/rslidar_sdk/create_debian.sh	47	1527	490c1410dc7715013aebf76ac3460da4f633291c4ce66b73a963d41c2e2b22b8
src/rslidar_sdk/doc/howto/script/dds_mod.sh	59	2573	0853eaf946d3d11e9d1f2e7900314c82aa3019b4763e6dc414c7e8839bee74ad
src/rslidar_sdk/launch/elequent_start.py	21	710	cbd94244f59969d9aebd24c3f8d2c3dfd7525ec34423c721d9c18305381e458a
src/rslidar_sdk/launch/humble_start.py	38	1717	86a55132d8b39abb9a31c1b38c582a684245dc456236ed80e8983ddb48206a35
src/rslidar_sdk/launch/start.launch	7	268	3510711ceef46560bf975c8f20c256b31a15b55a052968bca26b79b5e369a105
src/rslidar_sdk/launch/start.py	14	597	f36bacd22f7a9d25551a208dc89c1d0c9011541fd4b88eadd1ca2f9db4ec5af8
src/rslidar_sdk/node/rslidar_sdk_node.cpp	136	4745	b5ead0564d96588449a82056e7f225faf88e9c51db4187d6648bc16eb135c2a3
src/rslidar_sdk/package.xml	25	912	aa9a24ec425a0f78f7180708681317ae8727063b360f4053e1498aca1f0f26c1
src/rslidar_sdk/rviz/rviz.rviz	164	5855	f29f04f8c044b27dbd03f220a3743bed5902440664338b2868e1364bd6d56a94
src/rslidar_sdk/rviz/rviz2.rviz	154	5397	373803b37e20453974394a8fbbffa9ed6974632a11b33a32022792a3080f17bf
src/rslidar_sdk/src/manager/node_manager.cpp	167	6459	1985987dbc9be25d60a047cfc4ebc81e19f5e25846714fd8d6b7d74ed6ea3bbe
src/rslidar_sdk/src/manager/node_manager.hpp	61	2362	99150f36a6975207b811e71deefe4ea84838329a75995277cfd5862f31cc8f03
src/rslidar_sdk/src/msg/ros_msg/RsCompressedImage.msg	3	47	a24f92ea2df1fecdaa35ac5be636623c739021b83e13dfd046497c6fb03765e7
src/rslidar_sdk/src/msg/ros_msg/RslidarPacket.msg	4	72	df90598303f1bd62ea064fe120c1f93b3699cf2b5ae97e78b9cff9bdc46027be
src/rslidar_sdk/src/msg/ros_msg/rs_compressed_image.hpp	237	6492	7ae6d4208aee99f20efbd1235e9c74d79a12b910a5e026c8f43490bd4dc7ba96
src/rslidar_sdk/src/msg/ros_msg/rslidar_packet.hpp	247	6676	8990ff44af2864d79a888a81a1aa782ce61f446fb30e8732243e48daf83aed8a
src/rslidar_sdk/src/msg/ros_msg/rslidar_packet_legacy.hpp	196	5279	349564716e4cd9b62f7a5bbaa95b3fbeee8fa9813587682ede134c630b3f71d0
src/rslidar_sdk/src/msg/ros_msg/rslidar_scan_legacy.hpp	228	6615	cacc809b9ab8762b2d2fe5288bb76055cc1637ef2d1e77ebb931272d6a8041a7
src/rslidar_sdk/src/msg/rs_msg/lidar_point_cloud_msg.hpp	49	2490	42bc06f636bd7da1197466a5a3a989068143d2c6d58aff23151f1bb6a205cf4e
src/rslidar_sdk/src/rs_driver/.clang-format	66	1886	e5142202fd710cb8751681a8aa94ba02a60d8d7bcd27c48a614d2bfd1cf2a5e7
src/rslidar_sdk/src/rs_driver/.gitignore	7	99	85b8d74bb87821311fa230a9e0d426510a200652740094f6e908b92934fd99c9
src/rslidar_sdk/src/rs_driver/CHANGELOG.md	380	7969	9f813ebb92cfcef1f75411c04732b8291f84c14d87c07e457faedbee119740c6
src/rslidar_sdk/src/rs_driver/CMakeLists.txt	246	7631	ffd4e57220a57bd75ba129e56c4acdee8ab6442ef140e8b64b512044ef6d2a5f
src/rslidar_sdk/src/rs_driver/LICENSE	19	1760	bea65e9c1f73d2a04d106da0870b739bb7108bc290ca958fad5d1dea4c3fb3ec
src/rslidar_sdk/src/rs_driver/cmake/FindPCAP.cmake	86	2973	37e9802c927c755c4ccf4221fb8fac0fa34f199fe96d24fd6b4598bf7be44e0a
src/rslidar_sdk/src/rs_driver/cmake/cmake_uninstall.cmake.in	23	1033	dae4ef5885692b8cf7b70ee9f976a1c0897c2da160dc6fbf1e12b1aef9b25663
src/rslidar_sdk/src/rs_driver/cmake/rs_driverConfig.cmake	29	947	9472b2d2199284e69a29adfa364771396487d1844df431a80f7cb117804f6456
src/rslidar_sdk/src/rs_driver/cmake/rs_driverConfig.cmake.in	29	931	58e16370c5a5b3ad88b1c9ab8840141e68258ea5094f9733b11221b82405c57b
src/rslidar_sdk/src/rs_driver/cmake/rs_driverConfigVersion.cmake	14	572	6324cf59ff1c46a76c9553eff393e527bb1e49cb75e98b1e77745ebbdb892ac8
src/rslidar_sdk/src/rs_driver/cmake/rs_driverConfigVersion.cmake.in	13	584	f25a84baac5c053dc71f8fcbf5d5ad8c491e495d3fceff0fcffa404952f92a19
src/rslidar_sdk/src/rs_driver/demo/CMakeLists.txt	42	1001	40da0d6ca288363580a4a11750167455f3731fd0c0e5b0e1313b6008de226e85
src/rslidar_sdk/src/rs_driver/demo/demo_online.cpp	237	9203	cdda81c22fc5ee9e0338e17de13fbe6d21dfa8782833d9fedc15fca509b31508
src/rslidar_sdk/src/rs_driver/demo/demo_online_multi_lidars.cpp	190	6409	ab833e44bd555d7a0d38a89b52f290a11ef1fefbe11949ed2fb0dbcf7c16cbf1
src/rslidar_sdk/src/rs_driver/demo/demo_pcap.cpp	239	9444	243feac4b9eb0b7f79b42a686351f281cb291d9601964efa85b5b3b7fed7beb2
src/rslidar_sdk/src/rs_driver/src/rs_driver/api/lidar_driver.hpp	173	5863	d1c0fe591d033d233c943d9be7065618b188fee70c39a44530d2056b4156f555
src/rslidar_sdk/src/rs_driver/src/rs_driver/common/error_code.hpp	192	6958	55d760af4fb1726dca619ef7567699e22b152c7d91c9ea048653434d39460d5b
src/rslidar_sdk/src/rs_driver/src/rs_driver/common/rs_common.hpp	92	3065	12774d1c611aa7c73422ae6d7b7f955e17252a137ba314805a5257704fb37743
src/rslidar_sdk/src/rs_driver/src/rs_driver/common/rs_log.hpp	46	2525	fe98b5cc4d8647a7e3537c1aa181e196ae7e4fd83a0fd3dbd69a462dbbd76f94
src/rslidar_sdk/src/rs_driver/src/rs_driver/driver/decoder/basic_attr.hpp	426	12884	8a48be2d140dc16acba4f6b9dfdacdf1ab3c366b5696bb4cd75b3fd741b38f04
src/rslidar_sdk/src/rs_driver/src/rs_driver/driver/decoder/block_iterator.hpp	346	11338	0950bda800a26e1c4e4c22bb48963c5558635ee76916c8fe4e8902851e372c04
src/rslidar_sdk/src/rs_driver/src/rs_driver/driver/decoder/chan_angles.hpp	238	6579	b58f2deaa8ea8357cb2d2ad4e57efba98200c5357be177c98825a3f4f59dbc63
src/rslidar_sdk/src/rs_driver/src/rs_driver/driver/decoder/decoder.hpp	533	14731	d8e72fe645729f6c1897385e3030452498a1f12711b24c2807f441c359317697
src/rslidar_sdk/src/rs_driver/src/rs_driver/driver/decoder/decoder_RS128.hpp	338	11112	51b705bb58f0fb5ac658e06bb2986cfe613b9d36f128deadef3f24a52296adc3
src/rslidar_sdk/src/rs_driver/src/rs_driver/driver/decoder/decoder_RS16.hpp	374	11540	3f13d5eee479f96bef034a4a0795e1c4ac4e5e926b7eb2d10e06a77c7aea3e93
src/rslidar_sdk/src/rs_driver/src/rs_driver/driver/decoder/decoder_RS32.hpp	355	10982	7bb705f2da7fa8d61ec4e98cf7c6a9357026f15d47eb3661dca6b5ca0a9ca400
src/rslidar_sdk/src/rs_driver/src/rs_driver/driver/decoder/decoder_RS48.hpp	295	9709	9909e860695f7b881937d207082eaef5c68bb1ae5a432b712e34a95add7cb4ae
src/rslidar_sdk/src/rs_driver/src/rs_driver/driver/decoder/decoder_RS80.hpp	331	10643	f821421d613c9062d66b379c23ab02adf28e07e2771ef91abcc2670c1ecd22fe
src/rslidar_sdk/src/rs_driver/src/rs_driver/driver/decoder/decoder_RSAIRY.hpp	637	21508	02b6d71a7f21ed9b1061544f689a5b39443855ad99c3dff9e08f43f66aba5048
src/rslidar_sdk/src/rs_driver/src/rs_driver/driver/decoder/decoder_RSBP.hpp	374	11735	555365f8fa7dd7816dc3b3b379799a047a4421daaf8f7756d6de4fea663de00a
src/rslidar_sdk/src/rs_driver/src/rs_driver/driver/decoder/decoder_RSE1.hpp	294	8732	87286a8328a97ac1296f24baa45a1afdb8290cdbe908edd5c7ed1a56a27e2775
src/rslidar_sdk/src/rs_driver/src/rs_driver/driver/decoder/decoder_RSHELIOS.hpp	338	10493	5f867025a351c9ef424f9f4e158ee79f8ea7f5a7383123e422ac048997761453
src/rslidar_sdk/src/rs_driver/src/rs_driver/driver/decoder/decoder_RSHELIOS_16P.hpp	306	10195	639a1226fdf4bfbee6bc3fe3f261f602cd541fef4cd0f28229a7da89b90e6507
src/rslidar_sdk/src/rs_driver/src/rs_driver/driver/decoder/decoder_RSM1.hpp	317	8863	45e0245d160e8d79cd65cd9cf8e807ee689ea00db90ac4272afc2ddab68c4613
src/rslidar_sdk/src/rs_driver/src/rs_driver/driver/decoder/decoder_RSM1_Jumbo.hpp	262	7981	4bbe913e7780f79f4a46f283e1079e53dc8e194464bb8c84739b88338a29fc8f
src/rslidar_sdk/src/rs_driver/src/rs_driver/driver/decoder/decoder_RSM2.hpp	264	7878	c3f161b8c777813c6500aa3db819822e25bd5f55864568ac154c781e8d8da23a
src/rslidar_sdk/src/rs_driver/src/rs_driver/driver/decoder/decoder_RSM3.hpp	233	7013	4fde3556cd25ab496d34479998e7c8d2502a2be2bb4220074bdb99e0456c0980
src/rslidar_sdk/src/rs_driver/src/rs_driver/driver/decoder/decoder_RSMX.hpp	311	8406	f78c005bf7ff1e7a09081f33e1c87a2de6f14ed4345263dd15e46f5cc73ba265
src/rslidar_sdk/src/rs_driver/src/rs_driver/driver/decoder/decoder_RSP128.hpp	338	11094	aa0b9c8bd0a449350529ef5d5a9e2790156c31fcd67f319a038e2aa408c4bcae
src/rslidar_sdk/src/rs_driver/src/rs_driver/driver/decoder/decoder_RSP48.hpp	341	10479	845288e2c4a51e5979afa2699801508b1b6e6d3d150d4c9a96d831e965c137f5
src/rslidar_sdk/src/rs_driver/src/rs_driver/driver/decoder/decoder_RSP80.hpp	372	11940	2e7afd9d1266d12021f23ad8268c533a8183b7e14b9acb2f0db24ce545abf1b0
src/rslidar_sdk/src/rs_driver/src/rs_driver/driver/decoder/decoder_factory.hpp	140	5669	c1777085a7a00b14c4bf7da3da345115ba8715e64f5d80270891e42bfdfb45a7
src/rslidar_sdk/src/rs_driver/src/rs_driver/driver/decoder/decoder_mech.hpp	219	8568	30788199b6252981593c173c9ab005b0d9765021f286ec935a64299a796b96ee
src/rslidar_sdk/src/rs_driver/src/rs_driver/driver/decoder/member_checker.hpp	139	6210	e3142bdf82cac6adfd1a13dc41da890df756ae675c8de9cb8e14e004c01cb11c
src/rslidar_sdk/src/rs_driver/src/rs_driver/driver/decoder/section.hpp	113	3220	57d1bc403155c19a3f553cddab03b123990498b70361c98f1fcc924fe4617001
src/rslidar_sdk/src/rs_driver/src/rs_driver/driver/decoder/split_strategy.hpp	184	4318	0d0225ea889a61e148466d8ecbd6ea82cd5817a3498ee39a88cb1fcdda74a7e6
src/rslidar_sdk/src/rs_driver/src/rs_driver/driver/decoder/trigon.hpp	133	3646	6fc37770625ee1b86344955b73192fa4c8b17d5b9bb3dac24d0c316bc3ca5378
src/rslidar_sdk/src/rs_driver/src/rs_driver/driver/driver_param.hpp	409	13721	b6ac009d6d2044300d9f9add0433755b90ef176c75b0f1d784f9cc7a3b62ea2f
src/rslidar_sdk/src/rs_driver/src/rs_driver/driver/input/input.hpp	122	4268	5696c99e5bb208436c87628dfd5205789832d55a6c853bd5db88d95383f31746
src/rslidar_sdk/src/rs_driver/src/rs_driver/driver/input/input_factory.hpp	117	4150	a1e70addb55c81fb8f73e20a8dd5c0ec1da223eada88192f3dfcf95ce449146f
src/rslidar_sdk/src/rs_driver/src/rs_driver/driver/input/input_pcap.hpp	283	8271	a491d939d8fcc636a1f89b4c76e9081a7929e462553bd677b8765d3dc16c1610
src/rslidar_sdk/src/rs_driver/src/rs_driver/driver/input/input_pcap_jumbo.hpp	198	5453	68ff631408aa0495bf6be38c7adbfd778d3d6f5fcb61b5c653c639f5d61cd1dc
src/rslidar_sdk/src/rs_driver/src/rs_driver/driver/input/input_raw.hpp	77	3002	c05a49a9f9b3a606bd08709d93ad692e3c0932bfc0bdfbe419c165cf09e4e365
src/rslidar_sdk/src/rs_driver/src/rs_driver/driver/input/input_raw_jumbo.hpp	53	2312	5b7d4045f5747d1e7a92b54dbf0510fb349b8f0ac6e915b1bdb2dd9c2d9c3740
src/rslidar_sdk/src/rs_driver/src/rs_driver/driver/input/input_sock.hpp	17	282	02c89ecc7c982140fc9928b3899e61c35d4e4d35ece2c2ce498875ac1d0f8b81
src/rslidar_sdk/src/rs_driver/src/rs_driver/driver/input/input_sock_jumbo.hpp	23	323	e48c1fa93955883392bf44dc5af7bc311a908162b4ef2d4ca0a52dc273d067e7
src/rslidar_sdk/src/rs_driver/src/rs_driver/driver/input/jumbo.hpp	190	5125	045d490b4d7d33a626e16b5a23877817cef3096bb7adfba529da3fa2838173d8
src/rslidar_sdk/src/rs_driver/src/rs_driver/driver/input/unix/input_sock_epoll.hpp	300	7534	d5369ac994af599a6d466bc2063dadef4510b27ad5cef86376aba3e292e81455
src/rslidar_sdk/src/rs_driver/src/rs_driver/driver/input/unix/input_sock_select.hpp	321	8220	731081316a4e1565d6c0f23a4c531956c63348c5643d04516ccca0e137ccf0b8
src/rslidar_sdk/src/rs_driver/src/rs_driver/driver/input/win/input_sock_select.hpp	317	8239	9c3e285e7ba7b37bae88c9ae25fabb9a5f65cbb485632f49210eb6204087cc62
src/rslidar_sdk/src/rs_driver/src/rs_driver/driver/lidar_driver_impl.hpp	498	14891	2bc9b6b86442f9224b3c6367a5a26c9520e932d63ae16c47d0d188bf91fc17a5
src/rslidar_sdk/src/rs_driver/src/rs_driver/macro/version.hpp	3	97	4f87d04d4d5234dac6f153e8f8d64232616f938706385b7914af6bc33478f064
src/rslidar_sdk/src/rs_driver/src/rs_driver/macro/version.hpp.in	3	162	df94364095c2bdb9aaa4dc812edee03dd3fc59af39e9fbbe4e0d54a4a9ab5af3
src/rslidar_sdk/src/rs_driver/src/rs_driver/msg/imu_data_msg.hpp	117	4750	006e1084017858a6504b42c993379c04c4b8f7b8772ece43e6258e7f20e1f19f
src/rslidar_sdk/src/rs_driver/src/rs_driver/msg/packet.hpp	66	2510	057053c8710c7e148477cf443d51d565d5dba419e9e74db700788d54209ba784
src/rslidar_sdk/src/rs_driver/src/rs_driver/msg/pcl_point_cloud_msg.hpp	68	2790	10dc5230dff1198c93e236dabea644af79315074e3e71d58983a1a00f4164379
src/rslidar_sdk/src/rs_driver/src/rs_driver/msg/point_cloud_msg.hpp	80	2864	5fec09c1d773de48f56d73b8c5c61eb42ec5dbbf834622154d507ec6ce127bd0
src/rslidar_sdk/src/rs_driver/src/rs_driver/utility/buffer.hpp	89	2761	555678bebeaae35e9d285524f455b6337e5aadc18fd76bff8a16d98afdd15709
src/rslidar_sdk/src/rs_driver/src/rs_driver/utility/dbg.hpp	56	2461	46f109c4ec4c2880607228b1e952bd43d827bf7f81b763d4d513df700d0670f8
src/rslidar_sdk/src/rs_driver/src/rs_driver/utility/sync_queue.hpp	149	4048	46ff5826155fd975487bd63b2302b2b7412c6a6ce6df76c7f818ce6522ba2a54
src/rslidar_sdk/src/rs_driver/test/CMakeLists.txt	36	1102	bf49083e263c824cfd16c7cdd98919360c08b00d94ef1c0acdd147fd85090145
src/rslidar_sdk/src/rs_driver/test/ab_dual_return_block_iterator_test.cpp	136	2646	d64564ebacc95478f671269d993ce6ada38b7216b23b4aa34955c8da8e07180a
src/rslidar_sdk/src/rs_driver/test/basic_attr_test.cpp	76	1731	cdbdfa1d517d3d16b5f73e5abecf559f798af747f1811c738352cfdca589d3eb
src/rslidar_sdk/src/rs_driver/test/buffer_test.cpp	22	381	a9ea6c89f52c7897e6a328b79ec4ed59000f599e168d478a566c295da9a83f25
src/rslidar_sdk/src/rs_driver/test/chan_angles_test.cpp	223	6575	f73f5301adda018adffe0dd8d74226c272942c875d6b429987d3912a5bde8c0b
src/rslidar_sdk/src/rs_driver/test/dbg_test.cpp	13	288	d35841abd7cb9c9d7166b865e2a029aae3ee6c7ebbdbc36a97cf220fb7e46333
src/rslidar_sdk/src/rs_driver/test/decoder_rs16_test.cpp	56	1420	33b73220906d7cd00a5fb5c6587da0d03206dd04f6540d452b5ea42f370444ee
src/rslidar_sdk/src/rs_driver/test/decoder_rs32_test.cpp	213	6505	13509b955e2c08b05fb3855a757b34a2b23a8a398f400bc7ad34d876fc982734
src/rslidar_sdk/src/rs_driver/test/decoder_rsbp_test.cpp	175	5445	60726d67b9324e687e8ad8fda264c384aca092f3099f2ef6f2e21377709da565
src/rslidar_sdk/src/rs_driver/test/decoder_test.cpp	296	7786	1633634f3a1b525b2552376cd79a84ca56d875569fc23802049948366dcc6b89
src/rslidar_sdk/src/rs_driver/test/dual_return_block_iterator_test.cpp	124	2514	3a1c46943009ceb9f0178ccabfd73225168d1d5c28fc3b5e110a1cd760b1b15d
src/rslidar_sdk/src/rs_driver/test/rs16_dual_return_block_iterator_test.cpp	92	1816	f0131e71a82dd219ebc058f96f4c8b8ccf063472e4bb9044dc036553d00ffd05
src/rslidar_sdk/src/rs_driver/test/rs16_single_return_block_iterator_test.cpp	93	1825	db0979b6436ba36b78a752b0baee0185a27885356d4af03b42bbff7b090079d9
src/rslidar_sdk/src/rs_driver/test/rs_common_test.cpp	53	1668	18058bcd3d36b654fd5c2a2bd645c2aed6fa4052b4df74284d94b1c53e19a24a
src/rslidar_sdk/src/rs_driver/test/rs_driver_test.cpp	8	131	45323e9cf43f3a9dc400e182f83324e477f9789154e1d75059b3dd06cb225e33
src/rslidar_sdk/src/rs_driver/test/section_test.cpp	86	1784	91694fab363fae8bdbe1151810e3074d54454c84b3a7cdad33f5b5692f865fb5
src/rslidar_sdk/src/rs_driver/test/single_return_block_iterator_test.cpp	89	1712	79e52c865d1103894dcbd054b7a4d0f9a4a81ffc307b529917cd355c8336283e
src/rslidar_sdk/src/rs_driver/test/split_strategy_test.cpp	137	3060	a57c2c3aeb7ba53e33b006266376c1308f5f19f31836a056157355e29276bcb2
src/rslidar_sdk/src/rs_driver/test/sync_queue_test.cpp	59	1246	6b018bff9bd634968342ee00e2efdfd5d6064658d8d5a4aae50a00ac6fb97c2e
src/rslidar_sdk/src/rs_driver/test/trigon_test.cpp	32	510	9b2340736e06ca3a3df946cc0beb2ff1b9c152774969156abb03bf5294e80285
src/rslidar_sdk/src/rs_driver/tool/CMakeLists.txt	64	1661	b456a679e631cef1603a001d4e070db41e0af473a4e96c9b922d98f6955443a3
src/rslidar_sdk/src/rs_driver/tool/rs_driver_pcdsaver.cpp	284	8576	4eadbcc16c3a293d5a12105a8b3a2f18d130c3523eaadeb36f77d5b4ae75a00f
src/rslidar_sdk/src/rs_driver/tool/rs_driver_viewer.cpp	286	8799	367235508ffa10175c1456e47e4f9f90b95cebfb755ec6a878c756f034826ce6
src/rslidar_sdk/src/rs_driver/win/demo_online/demo_online.vcxproj	143	7571	e04eb66010c200e68fe529c586670fa51e11ff868736b05cb50342d7ac94a865
src/rslidar_sdk/src/rs_driver/win/demo_pcap/demo_pcap.vcxproj	140	7164	4faf3b7c4ed1ac5a59306f569f5348e33dd06eb51eb58825978afa3cfb03345b
src/rslidar_sdk/src/rs_driver/win/rs_driver.sln	51	2940	35f8094941b8d3b3edbc247e9ae9d762c5a82249595688a8167476ab70971e49
src/rslidar_sdk/src/rs_driver/win/rs_driver_viewer/rs_driver_viewer.vcxproj	154	16316	edb6bccb70ff78aca8d34642681eaacec5602f5083677af8e536bbb9a2aa05e2
src/rslidar_sdk/src/source/source.hpp	146	4441	d60deb087477eb50078588c04ff84310328b0560f8582cfc6827701c0ac163e6
src/rslidar_sdk/src/source/source_driver.hpp	283	10417	299898b52eaff3a87e7aec63a52e6a83d4344b752cec902228e14b16ea3e46b9
src/rslidar_sdk/src/source/source_packet_ros.hpp	350	10406	8e28c38e5e7ee5ad4122dc9d3ebf1ccd90950a1331511e9432eff8136ef170b2
src/rslidar_sdk/src/source/source_pointcloud_ros.hpp	501	15879	a20bae0aa99efea0f9060b92ecd30b8aada1361c0a70368f5166f14e3c743da9
src/rslidar_sdk/src/utility/common.hpp	35	2049	e45589ff4ba0af308516eb984cb6ea609c4bd0082e15fe064630ba311f9a4fb4
src/rslidar_sdk/src/utility/yaml_reader.hpp	86	3058	4868a4516c2d266a5691d17cbfbfdc2aac00a580bc5b9af9a9a53eb20e001c35
src/sensores/.env.example	5	116	7ad2beb5947f3621477addc8dc8a74e80651de4af4b3e32166c2dfd29986d23c
src/sensores/.gitignore	4	45	673fb995e2af6ff20273ed6ef3238d7a1f2525f7893797103d96fc71c5797434
src/sensores/config/mavros_apm_overrides.yaml	21	388	52d2bdbe40b152f6fb948cfc9971bab9c50afe79a78e2782f82484c3cb6f762a
src/sensores/config/mavros_sensor_only_pluginlists.yaml	10	176	b214e88c6ce5e14d9bc35a0f163920e89e5a5089fda189a887d05163be2050c9
src/sensores/config/rs16.yaml	33	799	262ce94167525ae1539a37e5933df508c96b4fde22e9315519dd88561d49eb62
src/sensores/config/rtk_sources.yaml	15	293	9b876146d561ecdde034448028a744c9c88243cec494393bc2343419d6c93f78
src/sensores/launch/camara.launch.py	15	336	bd326eec3eeaf18b1cb609e5e92338daf58e25b3f18672dfe5e4822ce54e5c70
src/sensores/launch/mavros.launch.py	326	13971	c2eb37079cfcb4b1189c3f29100c625beeb10b9d774838cc679b119a3210e5b5
src/sensores/launch/pixhawk.launch.py	118	4552	53b3f6c5853c01c4501c660938eed28c58044652458208fb55eea40708808ee6
src/sensores/launch/rs16.launch.py	57	2037	19210996b397e4457f16cd4a4daf702d9e09ce5b57a0265dee8693b1dfd3cc58
src/sensores/package.xml	28	950	6ecd7aa337d03f54b181ab9cc73f4b48bae9280a32d6f11926fa3cff8ea60c82
src/sensores/resource/sensores	0	0	e3b0c44298fc1c149afbf4c8996fb92427ae41e4649b934ca495991b7852b855
src/sensores/sensores/__init__.py	0	0	e3b0c44298fc1c149afbf4c8996fb92427ae41e4649b934ca495991b7852b855
src/sensores/sensores/camara.py	835	31582	54ce329c9a58c11e72ce47d005f20585696d47856d65e902fed13f0f9c6f8448
src/sensores/sensores/mavros_compat_bridge.py	166	6078	4a60e5423fdc090143d33df2f80eabd9ea269f194d7caf9ba927fedecf933a08
src/sensores/sensores/pixhawk_driver.py	1041	38976	f4eebc64303f948e71dfd4ae558df07b3ad4608cbac83654db9e1e2d3b3d67ad
src/sensores/sensores/rtk_bridge.py	421	16127	9eda2c70c16eea4c13f31c0010e991670a45ad872206afafdff2752e19265c84
src/sensores/sensores/rtk_bridge_core.py	90	2563	b5156b46ed8cf07142c52d7ce0963f8b6967edf9f6a0236886383c52eea31218
src/sensores/sensores/rtk_source_manager.py	512	19659	d9c5078ac16c6474ccfbae4d0717f9fb95c36bc5e6eba7d65052dcc2b94ef307
src/sensores/sensores/web_server.py	652	25234	d8557d084b5372e86321f0457829d0dd5ad15a2719c888220dc2b10774c40823
src/sensores/setup.cfg	4	85	cc41574c916a2be7561bf7f48b1d628ff289a7e75b6ddadb97d447a828517a5f
src/sensores/setup.py	58	2048	c8e61506e645f05ab5d953f4369d50d910808b8f105d1caa3576b6c36c78ab7b
src/sensores/test/test_camara_presets.py	149	5540	97c4a7057330da4fd91c101be40b679ffb07fc0140cacf6f6e97c38bb13c183a
src/sensores/test/test_rtk_bridge_core.py	114	3172	f081adab6975706609a4bd22a4e8fe06ddd12a9898d6092ddea828851000b5c1
src/sensores/wsdl/accesscontrol.wsdl	751	37432	cec2d34b2a456b6068dfbd75447a98b7799c144dbba2100ae31cfda3f8375381
src/sensores/wsdl/actionengine.wsdl	1270	55985	61428bc1d41e1e1a0323e19e750a5fdd2e565d03b2c5e67e98f0b2a123ee38e3
src/sensores/wsdl/addressing	149	7114	60eb57437d67a8739b932a2ad937db70c1bf354ba795be6b8167e6192cc50c33
src/sensores/wsdl/advancedsecurity.wsdl	1628	79284	c932fc805d79d909be4577a2ccb8542e1a457c338a908531ef837738920c4012
src/sensores/wsdl/analytics.wsdl	528	23603	add8b48ae564fc9a22c48ec2d2a0aa53e88c6d898b94cad05f7e1183a5bfa887
src/sensores/wsdl/analyticsdevice.wsdl	714	31262	538d1d63971820c1f015df285df66b024106cbc49e8be3a46ef26466f23df50d
src/sensores/wsdl/b-2.xsd	581	22719	2912ebc97d7b1623c4b4c869d8938b6c05de0e2652dd85617b923fb437d1ba9d
src/sensores/wsdl/bf-2.xsd	83	5017	96995a84583a818101473524d922cc2b2938d7c5ab9e0794f008670f1053f194
src/sensores/wsdl/bw-2.wsdl	448	20051	821cbe21c1a19667796ca80be97907e554c01af19d93962d4a992031619275da
src/sensores/wsdl/deviceio.wsdl	1311	58920	d8d786e967e85c98f18da26a5a4c43895eb983fa839c4f158f609c7526a16e21
src/sensores/wsdl/devicemgmt.wsdl	3783	159426	94d34e8655c70db38af6e722dc997311dd5893e72ee767fc9b352924eeab8522
src/sensores/wsdl/display.wsdl	522	24071	d8eb5f89d962730443d1593e60723e9f2f7c2a173ccda10e416a94a45114aff3
src/sensores/wsdl/doorcontrol.wsdl	1069	52752	9c00fc5553225a0f151da886e7d2d71449feb8eebfe81c84907bb56c0e6ee829
src/sensores/wsdl/envelope	126	6123	b3b47ed56c4c1c1dc75843eec976575cf60ae1460a8bb39ce52e4ba25a4414cb
src/sensores/wsdl/events.wsdl	736	36952	1a0f637badebe3f9ea62be88c1c44ccd93eb1232b0d96634537fe24fc80017c5
src/sensores/wsdl/imaging.wsdl	400	17598	8dac9ee3d3cc881e138dc9d81d4cd62a99c3d8cbe42bd1ec0ee820c215bd5c69
src/sensores/wsdl/include	13	511	dff9100efce4afb21de0cf673fb7fad103672a169862ab0f12e34c312b20e60d
src/sensores/wsdl/media.wsdl	3687	171125	11a7982fad5d5532b7a09df817a9f23595e2d0b833659ae189f497b5561d0e52
src/sensores/wsdl/onvif.xsd	8551	354798	edd97ad7b050119d2dbbd32d372bddf7f7d87d8971781ebd130eadce43a6800f
src/sensores/wsdl/ptz.wsdl	1297	52761	34766e8c7e8f09286286a7af44350c510b81a82b29ad0f5f976e113a1f25c739
src/sensores/wsdl/r-2.xsd	50	3610	ee0145f600572134e8d5ffef50c2aed44d22213bcd9c00643167d150b37edb9f
src/sensores/wsdl/receiver.wsdl	403	16811	1f36a02a2f79bb1f23a632a14166c313dfd03b6cfba275537a63bd9d949b08d3
src/sensores/wsdl/recording.wsdl	934	39770	d63df0a30111d9805a58a74716fe774629edef3aee57c27ec58b0ed7baeea3ef
src/sensores/wsdl/remotediscovery.wsdl	93	5503	9d8fc68f2718e11d2fbb53148fcc77e57e4386981e652a804b34d7f5d4dcab79
src/sensores/wsdl/replay.wsdl	221	10360	ac804dc86b488e7f3f0312cb3d6f47481ac3a0f2e47438e3b2df0d809ad232d4
src/sensores/wsdl/rw-2.wsdl	54	3673	e931dd3ca4f2977d09e4cb3eba021f9c10be0a7562c1b0983c8f41177db10673
src/sensores/wsdl/search.wsdl	887	42252	e65c8f71bc7f4d7e750422a20460c2b8427b92a3baf4071c07b455c0479e4078
src/sensores/wsdl/t-1.xsd	184	8776	fd37fff721a2fc959715a7bf3a5e09fe4373446aadd01d635e50281881f14833
src/sensores/wsdl/types.xsd	82	3663	bbb3d7c06ff7dba1f5f4d88d3740a8d5d205f37bb1b08a14d43ca1d69c5c7b02
src/sensores/wsdl/ws-addr.xsd	144	5849	af806cc9af2514e9b0b07efe4e4dc42a32dad8ac08473dc025136207779d5ee9
src/sensores/wsdl/ws-discovery.xsd	271	10184	817f32082eca2994c9f483c39a71719f9ff011935ea3ad6a161f3c99e14a6a47
src/sensores/wsdl/xml.xsd	287	8836	61960fb3131e38022caad5360e2f33a3382578ab3c80cd58bd74320ede61b20c
src/sensores/wsdl/xmlmime	48	1639	330ab79ecdd3a8628f12ef4cbe34351e448f9b9231bacad339881ce1a61237a2
src/vision_pipeline/config/coco_80.names	80	621	bd17f1ee35d5f3c862a4894605855abbb9dda4b0621fdb0ac4c2c8c7bb7e730a
src/vision_pipeline/config/v4l2_camera_low_latency.yaml	7	158	04ee11a4c33916a89f04dfbabf10bc8e02d841475620bcfe8da3611333c6fc39
src/vision_pipeline/config/yolo_detector.yaml	19	460	da98d158cbae0869ba840d3467cfbc59487bfa853d585b639fc8485d6d60718c
src/vision_pipeline/launch/ip_camera_ai_test.launch.py	62	2071	4ab310069cce9413fb4355ee3785aad1df5555bd716749b09eab3bfdefbd96c7
src/vision_pipeline/launch/vision_pc_gpu.launch.py	105	4288	18ad27dfc8ab788e2ef41120bb47ada13b68fbbb8100086b258dcf99a78b7172
src/vision_pipeline/launch/vision_pipeline.launch.py	61	2152	0a61f3ba3eee7206f5e65134511a6fda42b8863d47bbfc8dc561039aee18ca1e
src/vision_pipeline/package.xml	29	1031	48842e9c9c8c9cb4d3c015ef71269258ea3657e1eadf96a59e2a88d1c64dd5b2
src/vision_pipeline/resource/vision_pipeline	1	16	cea5a4a099ae95fda18bf88ab5e9fcab806789279e0efaaa68b5fd45aada57c2
src/vision_pipeline/setup.cfg	4	99	804ced302cabbe3b45edd1d65e9268c2add10e2a9c4b9cd731e6209b38092a92
src/vision_pipeline/setup.py	39	1297	621c33bc0ec476473ef90cd34d2597f78e32ee96694be501acb6881132b71e0b
src/vision_pipeline/vision_pipeline/__init__.py	1	40	7626f1ad9dff5d1176703034345dfde0348922b1c31ed3878cc405a5ed1f6354
src/vision_pipeline/vision_pipeline/ip_camera_publisher.py	547	31127	fbcfca853ae93eb6508d3233e31cfe15dd9cdbbf7949953406b2fb74531634e2
src/vision_pipeline/vision_pipeline/vision_web_server.py	563	31626	5712d8df3ce37a5d86450ce7487bdff6a0ac97c391934ba38a9cbf6ed9d9c55b
src/vision_pipeline/vision_pipeline/yolo_onnx_detector.py	805	45363	e61180b96cebb8b0f5f1bf6ee101bc3686a3776f06864d7da7d0c02acacff314
tools/check_startup_heading.sh	6	169	41a65da64d0fc438d95f6fdcb5073fdedbbd70835f00118db0ed7eb3de607911
tools/closed_loop_step_publisher.py	124	3537	fafd08cdc9f47d1d15957af0f746f1a30b6dca744b2823e23093426b5d6fce78
tools/compare_nav_benchmarks.sh	30	925	6244835c20808e2abe1a4b95931398c0b8bc9f1e7835e623192bf4bfe8b93f5b
tools/compile-ros.sh	43	1420	2f5050e05dadb96026a0bdb6aa72f318d40fece2d4566fd1140bd28bcb2ea5da
tools/create_pkg.sh	39	853	73db9c47298fad736c16613c86645d87c6b06bb240ecfb03d0fa8d68149908af
tools/docker_ros_env.sh	61	1484	84c81e41708d4ac852adaa644b67f953e2a99df16541f1bd2d4f0cf36a348fd6
tools/down-salus.sh	11	290	ebd5be90ec3f246f10af2632e5ebec47a81b2dc4bc829398aa9d710bffb82f5a
tools/exec.sh	29	899	09e1eca2d1c7c449bcc68670d006e3ac24c5bd6a4b697eb2c3cc503dff7229bd
tools/generate_block_loop_benchmark.sh	47	1512	6f4964aa8dc12a94485f31cb3adeca176fda9980dc347354a5f5c8a020ece317
tools/healthcheck-lidar.sh	29	963	0a94f26d196812fe51dbeddb238b359d3595d779460eb918909581d55d115d3c
tools/install_jetson_power_monitor_service.sh	22	759	ca8b4c7f3b0369a8085f800e00e2d45d0bd28a57cfe684a4257ca8c35dd78a92
tools/jetson_power_lib.py	944	33923	6fab944df01c1839a3f31433c23d6c2b0ed21d00c0ecd54cbcada0d7404e43a3
tools/jetson_power_mark.py	49	1287	1df9eb1260de13bafcc1282cf2349002b8306c305309cb188490bb696a3797bb
tools/jetson_power_monitor.py	338	12542	b26ec109fff27ad6bd6892505d70ad5b2e23f609f4854059dafcb6e6178f2db9
tools/jetson_power_report.py	152	5455	60d73fc7c8f79cd71e05db93553aa0d72ca695b371d1f5869a39b02757a4fa16
tools/launch_controller.sh	4	189	abd75cc4e6e81693ae0f9a01454581491a4428a5bc123591ad18b4e9f662c5a0
tools/launch_no_go_editor.sh	4	173	e7e75ab270e80b6658498b25e6f544f80f1a7caaef17742c7f83f0b23873d0f3
tools/launch_real_global_v2.sh	10	591	8401565c927aacbdcb8be1eaa3135ef019f0fca1feb9c1ed010331f4a9b31278
tools/launch_real_global_v2_rviz.sh	31	1533	9b6134b238831ec44c4c08ee10a5000a410d7f9048a45014fdd71a0383995a11
tools/launch_real_global_v2_scan_ground.sh	28	1750	4628678101d1608a638291aa5cecd1b8b3a4689fdf926caf4573e7da91ba6e6f
tools/launch_real_global_v2_wifi.sh	9	1238	1223538f589f6f12670207cae4711a0e91391b8ba36fea362e284e2266ddd59a
tools/launch_real_global_v2_wifi_cuatri_real_v2.sh	13	489	554905634361ed27572e5e8c43d2258627ed2bb3b0e7f22daf2bfeaf43986fe2
tools/launch_real_global_v2_wifi_rviz.sh	28	1415	3d33ea0e2ced1d796b9ec68736c2e2d8a48cb25f4ed5d88bc6d516e354da33f5
tools/launch_real_global_v2_wifi_rviz_2d.sh	43	2320	1f62f33e40156eff482387d2af7de57055c798e4cda1b692ee88078ff9ec124f
tools/launch_real_global_v2_wifi_rviz_scan_ground.sh	34	1880	d744714fe0b4a63deb38302edfeb9de34b3ec5c7eed6af4c0164ca0f978e626b
tools/launch_real_local_v2.sh	4	228	084a7ed8d5974b136f241ccd46a94be295daf6d85ffd8ff8f576c76fdb2be333
tools/launch_real_local_v2_rviz.sh	16	971	d16ca04eed2000020a5b06b3473e319a4232c2ad48c2567883b14a4b7736d38b
tools/launch_real_nav.sh	4	216	c7ecec3f9520c04dc59f1799d9d862c252f3337f72f16fb11bc0b5f8af72189f
tools/launch_real_rviz.sh	4	286	2deaf31230f2b6bafafc16574bf3b401ab6cdb6fb666b0bd558aeae6773980ff
tools/launch_scan_ground_ramp_debug.sh	103	3655	fb6672e839c24bc79fce0a224d00c6f48ccb8cdca33ba876009f4a7e396eea5b
tools/launch_sim_global_v2.sh	36	1400	f15efe9b1444d4f802a166a067291d10bfa04c13fa0ea5112ab886318406c499
tools/launch_sim_global_v2_wifi.sh	40	1903	ef2b45d9b21716c1813cbbb44abc5efabf485ec52b4c6e53f76927fe11e1f7d5
tools/launch_sim_global_v2_wifi_cuatri_real_v2.sh	47	1552	155d0f229a70d6c50f6bd6c3fe4cadfb70e9a11a370d7100a974d1a6a75e8ee2
tools/launch_sim_global_v2_wifi_slope.sh	47	2126	0283db821e47aa0d2fbd96dba862b93c36d59a9511ac79d6aeb6b55ef49a8848
tools/launch_sim_global_v2_wifi_sonoma.sh	16	367	aaa8ac5eb2ca57bee57b9f80b4d4b7a6c78d275cb755ea20347e0115a916ef81
tools/launch_sim_local_v2.sh	6	232	889afd50ead85650fb6a2861f53274d717ff51f0cdbd7c961e1fcb1944e3ab30
tools/record_compass_calibration.sh	51	1385	d8f15086c71c41b4211b19b6f5e86524e1688a998b0909a890ce95c23287ed6c
tools/record_nav_debug_bag.sh	81	1819	e0407806584b5396e26890dd45db495ddf050cd221733ae158365cefce9a52d7
tools/regenerate_nav_trace_report.sh	20	749	a96c4434728fb65b0bf32af6a6278d85a93bcc385543ce37d4b400088eb4e046
tools/root-exec.sh	10	211	66104761bcfb06ccb27df8778436fe781922796cfec1b85450b5c0b031e55952
tools/run_jetson_power_monitor.sh	11	300	5606d87eb101a163dfbb3fa66e99cdf185c135e18dc671597dba9fc439ae8fb7
tools/run_localization_replay_compare.sh	177	5583	4de39f5a168c884d8c7eee4265d91fb591bb6e298bdb3dd4ca4a0f4be1dada26
tools/run_nav_benchmark.sh	33	1039	62934108409e8c7a170f01b454989f99dbebfe85dc2e65d1dd369ca5e9c89adc
tools/send_follow_path_v2.sh	18	1307	3d63aa14863f68823e2d45808653bfd2b30b2883829fe27cda8b3c6d3ed32541
tools/show_latest_nav_trace.sh	14	341	9193ae4b0ff83b135175a3c265236aafe3b3aeccd981378a07fe25a4d64a8405
tools/sim_battery.sh	129	3203	9262d0a02e24943c308bdb81a25a58e1ffa9cced99ead57c030d9d5d07adcdbc
tools/stop_sim_global_v2.sh	51	2574	201950775650a76523070a1b0dd7e06ef2baa426a0ba9345c1b2931000759ebb
tools/stop_sim_local_v2.sh	51	2059	ffb3ba9d670a4ce87602d6e6a35c0c851fcd8075cc571449a4f2ba860d122fbd
tools/systemd/jetson-power-monitor.service	15	362	1fec879d6afa1f7e28a7086486a9fd2bdc80d64e6e40d79611370c65409720b8
tools/test_jetson_power_lib.py	155	5320	ba6c3815dcda8d847a804da1f859eba86d5ece5ab0f142a995a63004a199ed54
tools/uart_step_sender.py	243	7272	04f5b2444314f11cb7c15ed332761c1f1a61a372cd91a81aa57c31dda2484013
tools/up-salus.sh	11	299	5be814652164f85566e1b8881b2b39efd8bdf716513da977acfa4350addade38
tools/vcs-pull.sh	19	482	1ae6cd4274e98367e3f76e85c388c444c2d65cc175b1cea81017609685163b0e
tools/vcs-push.sh	17	404	68910ef30026c4da2d0d576522c8ea31da3d35e2f85ff964b54680f823731243
tools/vcs-status.sh	17	418	3ecd9864c9d02bc0c7439a9decd0ec6450ddb4a69b7853ba897f86991713ff1a
